<?xml version="1.0" encoding="UTF-8"?>
<!DOCTYPE properties SYSTEM "http://java.sun.com/dtd/properties.dtd" >
<properties>
	<comment>서버환경변수</comment>
	
	<!-- ########## 사이트 타이틀 시작 ########## -->
	<entry key="site.title">ICIA-계층형 게시판</entry>
	<!-- ########## 사이트 타이틀 종료 ########## -->
	
	<!-- ########## 히카리데이터베이스 연결 설정 시작 ########## -->
	<entry key="db.pool.name">icia-hikariCP</entry>
	<entry key="db.driver.class.name">oracle.jdbc.OracleDriver</entry>
	<entry key="db.jdbc.url">jdbc:oracle:thin:@localhost:1521:xe</entry> <!-- 프로젝트 할땐 이쪽을 주석 처리 -->
	<!-- entry key="db.jdbc.url">jdbc:oracle:thin:@106.243.194.229:9193</entry --> <!-- 프로젝트 할때 사용 -->
	<entry key="db.username">c##iciauser</entry>
	<entry key="db.password">1234</entry>
	<entry key="db.maximum.pool.size">3</entry>
	<entry key="db.minimum.idle">3</entry>
	<entry key="db.connection.test.query">SELECT 1 FROM DUAL</entry>
	<entry key="db.connection.timeout">3000</entry>
	<entry key="db.idle.timeout">600000</entry>
	<!-- ########## 데이터베이스 연결 설정 종료 ########## -->
	
	<!-- ########## 쿠키명 설정 시작 ########## -->
	<entry key="auth.cookie.name">USER_ID</entry>
	<!-- ########## 쿠키명 설정 종료 ########## -->
	
	<!-- ########## 업로드 최대 크기 설정(byte) 시작 ########## -->
	<entry key="upload.max.size">10485760</entry> <!-- 10m -->
	<!-- ########## 업로드 최대 크기 설정(byte) 종료 ########## -->
	
	<!-- ########## 업로드 저장 디렉토리 시작 ########## -->
	<entry key="upload.save.dir">C:\project\webapps\hiboard\src\main\webapp\WEB-INF\views\resources\upload</entry>
	<!-- ########## 업로드 저장 디렉토리 종료 ########## -->
	
	<!-- ########## AJAX 헤더명 시작 ########## -->
	<entry key="ajax.header.name">AJAX</entry>
	<!-- ########## AJAX 헤더명 종료 ########## -->
	
	<!-- ########## 카카오페이 시작 ########## -->
	<entry key="kakao.pay.host">https://kapi.kakao.com</entry>
	<entry key="kakao.pay.admin.key">675d31570e5d2018e3b9d0bc7f3aac4a</entry>
	<entry key="kakao.pay.cid">TC0ONETIME</entry><!-- 가맹점 코드, 10자 (테스트 결제시 TC0ONETIME 사용) -->
	<entry key="kakao.pay.ready.url">/v1/payment/ready</entry>
	<entry key="kakao.pay.approve.url">/v1/payment/approve</entry>
	<entry key="kakao.pay.success.url">http://hiboard.icia.co.kr:8088/kakao/paySuccess</entry>  <!-- 결제 성공 시 redirect url, 최대 255자 -->
	<entry key="kakao.pay.cancel.url">http://hiboard.icia.co.kr:8088/kakao/payCancel</entry>    <!-- 결제 취소 시 redirect url, 최대 255자 -->
	<entry key="kakao.pay.fail.url">http://hiboard.icia.co.kr:8088/kakao/payFail</entry>        <!-- 결제 실패 시 redirect url, 최대 255자 -->
	<!-- ########## 카카오페이 종료 ########## -->
</properties>	